,City,Country,Longitude,Latitude,Weather,Temp,Temp (Max),Temp (Min),Humidity,Cloudiness,Wind Speed
0,Tuatapere,NZ,167.6833,-46.1333,broken clouds,43.83,43.83,43.83,78,70,2.37
1,Fort Saint James,CA,-124.25,54.4333,scattered clouds,80.6,80.6,80.6,23,28,8.81
2,Cockburn Town,TC,-71.1419,21.4612,few clouds,81.05,81.05,81.05,75,18,15.5
3,Tiksi,RU,128.8694,71.6872,overcast clouds,43.93,43.93,43.93,68,91,20.49
4,Bijapur,IN,75.7,16.8333,overcast clouds,71.47,71.47,71.47,89,100,20.07
5,Madisonville,US,-87.4989,37.3281,broken clouds,87.08,88.41,84.02,69,75,5.28
6,Tuktoyaktuk,CA,-133.0374,69.4541,overcast clouds,38.25,38.25,38.25,72,100,20.51
7,Sinjār,IQ,41.8754,36.3209,clear sky,90.37,90.37,90.37,15,0,10.96
8,Luanda,AO,13.2343,-8.8368,few clouds,69.8,69.8,69.8,88,20,4.61
9,Hobart,AU,147.3294,-42.8794,fog,43.59,49.12,39.06,96,75,3.44
10,Busselton,AU,115.3333,-33.65,overcast clouds,49.05,49.08,49.05,61,92,27.11
11,São João da Barra,BR,-41.0511,-21.6403,scattered clouds,71.89,71.89,71.89,88,34,12.44
12,Aracati,BR,-37.7697,-4.5617,overcast clouds,81.19,81.19,81.19,73,87,12.03
13,Clyde River,CA,-68.5914,70.4692,clear sky,47.7,47.7,47.7,62,10,6.26
14,Kushmurun,KZ,64.6311,52.4503,scattered clouds,50.86,50.86,50.86,66,49,9.17
15,Adrar,MR,-10.0711,20.5022,scattered clouds,97.43,97.43,97.43,17,38,15.12
16,Vestmannaeyjar,IS,-20.2734,63.4427,broken clouds,50.61,50.61,50.61,90,83,29.39
17,Vakhrushev,RU,142.9667,48.9833,overcast clouds,61.34,61.34,61.34,95,100,4.21
18,Saint-Philippe,RE,55.7679,-21.3585,light rain,65.98,67.55,65.79,80,86,12.24
19,Kaitangata,NZ,169.8464,-46.2817,broken clouds,44.92,44.92,44.92,66,73,6.08
20,Westport,US,-73.3579,41.1415,scattered clouds,82.08,88.05,76.77,84,49,1.99
21,Bredasdorp,ZA,20.0403,-34.5322,overcast clouds,41.29,41.29,41.29,82,91,6.24
22,East London,ZA,27.9116,-33.0153,clear sky,54.57,54.57,54.57,59,0,7.4
23,Bluff,NZ,168.3333,-46.6,broken clouds,43.81,43.81,43.81,63,84,8.52
24,Ushuaia,AR,-68.3,-54.8,overcast clouds,28.42,28.42,28.42,97,100,1.07
25,Mataura,NZ,168.8643,-46.1927,broken clouds,43.48,43.48,43.48,89,74,1.34
26,Mocuba,MZ,36.9856,-16.8392,light rain,65.37,65.37,65.37,94,76,1.81
27,Albany,US,-73.9662,42.6001,scattered clouds,73.51,82.58,67.87,90,26,7.23
28,Yellowknife,CA,-114.3525,62.456,overcast clouds,79.29,79.29,79.29,47,100,7.54
29,Belmonte,BR,-38.8828,-15.8631,clear sky,72.45,72.45,72.45,86,3,5.68
30,Castro,BR,-50.0119,-24.7911,broken clouds,58.23,58.23,58.23,63,58,3.98
31,Rikitea,PF,-134.9692,-23.1203,clear sky,73.11,73.11,73.11,72,0,9.13
32,Isangel,VU,169.2667,-19.55,broken clouds,73.36,73.36,73.36,79,82,16.51
33,Mayo,US,-76.5119,38.8876,few clouds,82.08,88.36,77.95,81,20,3.44
34,Chokurdakh,RU,147.9167,70.6333,moderate rain,40.66,40.66,40.66,91,100,19.82
35,Bethel,US,-73.414,41.3712,broken clouds,81.18,86.58,76.57,91,64,5.39
36,Nichinan,JP,131.3667,31.6,clear sky,73.08,73.08,73.08,87,3,3.89
37,Taoudenni,ML,-3.9836,22.6783,clear sky,102.0,102.0,102.0,4,0,9.4
38,Nanortalik,GL,-45.2371,60.1432,few clouds,48.92,48.92,48.92,76,23,9.04
39,Vaini,TO,-175.2,-21.2,overcast clouds,73.56,73.56,73.56,83,99,19.86
40,Punta Arenas,CL,-70.9167,-53.15,overcast clouds,37.11,37.11,37.11,100,100,2.53
41,Padang,ID,100.3543,-0.9492,overcast clouds,75.33,75.33,75.33,71,96,4.12
42,Avarua,CK,-159.775,-21.2078,broken clouds,77.02,77.02,77.02,78,62,13.04
43,Makakilo City,US,-158.0858,21.3469,few clouds,82.27,82.69,76.28,63,11,11.92
44,Hermanus,ZA,19.2345,-34.4187,overcast clouds,50.9,50.9,50.9,79,85,7.74
45,Quatre Cocos,MU,57.7625,-20.2078,overcast clouds,71.8,71.8,71.8,62,99,11.83
46,Lebu,CL,-73.65,-37.6167,scattered clouds,50.16,50.16,50.16,79,28,4.7
47,Hong Kong,HK,114.1577,22.2855,light rain,84.27,85.32,83.25,82,14,4.52
48,Te Anau,NZ,167.7167,-45.4167,light rain,45.77,45.77,45.77,93,100,0.47
49,Kavieng,PG,150.7967,-2.5744,light rain,83.34,83.34,83.34,74,76,8.14
50,Moundou,TD,16.0833,8.5667,light rain,72.55,72.55,72.55,94,99,1.88
51,Assiut,EG,31.1837,27.181,scattered clouds,85.39,85.39,85.39,24,31,6.71
52,Limbang,MY,115.0,4.75,overcast clouds,71.71,71.71,71.71,98,100,2.82
53,Arkansas City,US,-97.0384,37.062,clear sky,89.87,92.52,88.63,51,1,20.71
54,Teguise,ES,-13.564,29.0605,few clouds,68.22,68.22,68.22,78,20,24.16
55,San Cristobal,VE,-72.225,7.7669,scattered clouds,77.76,77.76,77.76,56,31,6.08
56,Puerto Ayora,EC,-90.3518,-0.7393,broken clouds,73.54,73.54,73.54,85,58,5.01
57,Saint Paul Harbor,US,-152.4072,57.79,scattered clouds,53.22,53.22,53.22,79,48,6.53
58,Kapaa,US,-159.319,22.0752,light rain,78.67,84.18,78.19,82,22,4.0
59,Beaverlodge,CA,-119.4361,55.2166,scattered clouds,86.2,86.2,86.2,15,35,19.86
60,Pevek,RU,170.3133,69.7008,overcast clouds,39.4,39.4,39.4,90,100,3.27
61,Port Alfred,ZA,26.891,-33.5906,clear sky,54.64,54.64,54.64,39,0,7.54
62,Bethanien,NA,17.1583,-26.502,clear sky,40.44,40.44,40.44,32,0,5.99
63,Bajmok,RS,19.4243,45.9688,overcast clouds,74.25,74.25,74.25,63,86,11.05
64,Soyo,AO,12.3689,-6.1349,scattered clouds,71.47,71.47,71.47,89,31,9.04
65,Mayumba,GA,10.6554,-3.432,scattered clouds,71.04,71.04,71.04,90,45,6.44
66,Klaksvík,FO,-6.589,62.2266,broken clouds,52.72,52.72,52.72,88,72,23.44
67,Phan Thiet,VN,108.1,10.9333,moderate rain,76.5,76.5,76.5,88,100,4.32
68,Myitkyina,MM,97.4,25.3833,light rain,74.68,74.68,74.68,99,100,0.94
69,Lethem,GY,-59.7968,3.3803,broken clouds,79.09,79.09,79.09,85,76,4.7
70,Butaritari,KI,172.7902,3.0707,light rain,83.62,83.62,83.62,77,5,12.68
71,Northam,GB,-4.2167,51.0333,scattered clouds,58.68,62.29,57.67,93,33,7.43
72,Otjimbingwe,NA,16.1333,-22.35,clear sky,53.96,53.96,53.96,15,0,10.36
73,Jamestown,US,-79.2353,42.097,few clouds,78.44,79.02,75.52,56,16,11.99
74,Kruisfontein,ZA,24.7314,-34.0033,scattered clouds,46.0,46.0,46.0,55,42,5.91
75,Fort Nelson,CA,-122.7002,58.8053,broken clouds,73.2,73.2,73.2,52,59,7.7
76,Ribeira Grande,PT,-28.7,38.5167,broken clouds,72.0,72.0,72.0,83,75,9.22
77,Mzimba,MW,33.6,-11.9,clear sky,59.86,59.86,59.86,61,2,10.29
78,Yumbe,UG,31.2469,3.4651,overcast clouds,64.06,64.06,64.06,95,100,2.46
79,Ancud,CL,-73.8203,-41.8697,broken clouds,46.22,46.22,46.22,83,74,5.68
80,Katobu,ID,122.5276,-4.9408,moderate rain,72.3,72.3,72.3,91,100,1.7
81,Villa del Rosario,CO,-72.4742,7.8339,broken clouds,86.22,86.22,86.22,46,66,5.95
82,Arraial do Cabo,BR,-42.0278,-22.9661,broken clouds,72.66,72.66,72.66,82,74,23.44
83,Malé,MV,73.5089,4.1748,overcast clouds,81.64,81.64,81.64,80,98,10.76
84,Martapura,ID,114.85,-3.4167,mist,73.49,73.49,73.49,100,90,3.44
85,Lashio,MM,97.75,22.9333,overcast clouds,68.59,68.59,68.59,99,100,0.83
86,Hithadhoo,MV,73.0833,-0.6,overcast clouds,82.04,82.04,82.04,76,100,9.17
87,Kutum,SD,24.6667,14.2,overcast clouds,77.54,77.54,77.54,50,100,8.05
88,Ayorou,NE,0.9174,14.7308,clear sky,93.33,93.33,93.33,40,1,8.52
89,Iquitos,PE,-73.2472,-3.7481,overcast clouds,76.86,76.86,76.86,94,97,2.1
90,Pires do Rio,BR,-48.2794,-17.2997,clear sky,67.46,67.46,67.46,39,0,3.89
91,Saskylakh,RU,114.0833,71.9167,overcast clouds,45.66,45.66,45.66,63,100,18.5
92,São Filipe,CV,-24.4956,14.8961,broken clouds,75.11,75.11,75.11,87,64,9.57
93,Karratha,AU,116.8463,-20.7377,few clouds,64.11,64.11,64.11,59,21,11.86
94,Bathsheba,BB,-59.5167,13.2167,few clouds,81.27,81.27,81.27,74,23,15.84
95,Port Elizabeth,ZA,25.5701,-33.918,clear sky,50.5,50.5,50.5,61,10,5.7
96,Upernavik,GL,-56.1549,72.7868,light rain,39.45,39.45,39.45,97,100,14.47
97,Ballina,AU,153.5667,-28.8667,light rain,61.79,61.79,61.79,79,100,10.87
98,Atherton,GB,-2.4935,53.5237,scattered clouds,60.94,63.45,58.05,86,49,1.99
99,Pimentel,PE,-79.9342,-6.8367,broken clouds,67.23,67.23,67.23,78,59,16.26
100,Qaanaaq,GL,-69.3632,77.484,overcast clouds,38.68,38.68,38.68,97,100,2.24
101,Najrān,SA,44.1277,17.4924,overcast clouds,87.21,87.21,87.21,20,98,2.84
102,Mitú,CO,-70.1733,1.1983,overcast clouds,74.84,74.84,74.84,96,93,1.12
103,Bria,CF,21.9863,6.5423,light rain,68.74,68.74,68.74,97,100,1.3
104,Angoram,PG,144.0661,-4.0625,overcast clouds,76.3,76.3,76.3,92,100,2.48
105,Kostanay,KZ,63.5833,53.1667,scattered clouds,48.43,48.43,48.43,70,33,7.54
106,Florø,NO,5.0328,61.5996,overcast clouds,60.76,60.76,59.97,82,90,8.05
107,Souillac,MU,57.5167,-20.5167,overcast clouds,71.51,71.51,71.51,65,92,10.83
108,Homer,US,-151.5483,59.6425,broken clouds,59.56,65.08,57.79,71,75,9.22
109,Port Macquarie,AU,152.9167,-31.4333,broken clouds,59.74,59.74,59.74,79,71,7.92
110,Geraldton,AU,114.6,-28.7667,broken clouds,61.21,61.21,61.21,63,75,18.41
111,Chui,UY,-53.4616,-33.6971,moderate rain,53.64,53.64,53.64,97,100,9.4
112,Broome,US,-75.833,42.2506,broken clouds,74.43,78.42,70.57,82,75,1.01
113,Atuona,PF,-139.0333,-9.8,clear sky,78.3,78.3,78.3,66,10,24.23
114,Laas,IT,10.7002,46.6166,scattered clouds,51.04,53.02,49.37,90,41,0.78
115,Grindavik,IS,-22.4338,63.8424,light intensity drizzle,48.67,48.67,48.56,93,90,19.57
116,Shimonoseki,JP,130.95,33.95,clear sky,78.85,80.58,76.28,85,0,3.67
117,Melbu,NO,14.8297,68.5044,scattered clouds,56.21,60.31,56.21,87,25,4.43
118,Barrow,US,-156.7887,71.2906,broken clouds,38.68,38.68,38.68,67,69,10.09
119,Narsaq,GL,-46.05,60.9167,few clouds,53.65,53.65,53.65,73,22,4.52
120,Coquimbo,CL,-71.3436,-29.9533,clear sky,55.67,55.67,55.67,78,0,8.68
121,Danjiangkou,CN,111.5086,32.5428,broken clouds,79.81,79.81,79.81,94,63,3.06
122,Severo-Kuril'sk,RU,156.125,50.6789,moderate rain,52.3,52.3,52.3,94,100,13.38
123,Inongo,CD,18.2667,-1.95,broken clouds,73.58,73.58,73.58,46,57,2.84
124,Ovsyanka,RU,92.5519,55.9575,broken clouds,59.97,59.97,59.97,92,65,0.47
125,Indiana,US,-86.2503,40.0003,scattered clouds,83.14,85.96,79.63,60,40,10.36
126,Los Llanos de Aridane,ES,-17.9182,28.6585,clear sky,69.12,69.12,67.75,87,0,17.27
127,Cape Town,ZA,18.4232,-33.9258,clear sky,46.35,51.12,43.11,77,0,8.05
128,George Town,MY,100.3354,5.4112,few clouds,80.89,80.89,76.93,87,20,1.01
129,Dzaoudzi,YT,45.2699,-12.7887,clear sky,73.29,73.29,73.29,88,0,5.75
130,Plettenberg Bay,ZA,23.3716,-34.0527,broken clouds,52.05,52.05,52.05,53,82,5.23
131,Nong Chik,TH,101.178,6.8436,overcast clouds,76.23,76.23,76.23,87,97,6.64
132,Lüderitz,NA,15.1594,-26.6481,clear sky,58.01,58.01,58.01,35,0,7.85
133,Kyren,RU,102.1408,51.6828,clear sky,57.27,57.27,57.27,80,3,2.01
134,Faanui,PF,-151.75,-16.4833,broken clouds,80.4,80.4,80.4,71,68,17.76
135,Tasiilaq,GL,-37.6368,65.6145,overcast clouds,42.96,42.96,42.96,96,100,1.16
136,Kahului,US,-156.47,20.8947,scattered clouds,82.85,82.85,81.68,80,25,18.99
137,La Rioja,ES,-2.5,42.25,scattered clouds,53.38,54.05,53.38,95,38,3.98
138,Bambous Virieux,MU,57.7575,-20.3428,overcast clouds,72.21,72.21,72.21,62,95,12.1
139,Mindelo,CV,-24.9804,16.8901,scattered clouds,78.35,78.35,78.35,73,40,8.05
140,San Vicente,AR,-54.1333,-26.6167,overcast clouds,67.98,67.98,67.98,52,98,4.47
141,Port Said,EG,32.2841,31.2565,clear sky,80.24,80.24,80.24,69,0,10.4
142,Leningradskiy,RU,178.4167,69.3833,light rain,44.82,44.82,44.82,88,98,7.18
143,Dawei,MM,98.2,14.0833,overcast clouds,77.47,77.47,77.47,89,100,1.57
144,Codrington,AU,141.9667,-38.2667,light rain,53.98,53.98,53.98,83,90,15.46
145,Zhangye,CN,100.4517,38.9342,broken clouds,69.06,69.06,69.06,52,73,4.14
146,Bandarbeyla,SO,50.8122,9.4942,scattered clouds,79.21,79.21,79.21,75,47,27.25
147,Lavrentiya,RU,-171.0,65.5833,broken clouds,50.81,50.81,50.81,81,64,4.88
148,Provideniya,RU,-173.3,64.3833,fog,48.31,48.31,48.31,81,40,15.66
149,Hīt,IQ,42.8251,33.6416,clear sky,93.42,93.42,93.42,16,0,10.76
150,Olafsvik,IS,-23.7142,64.8945,broken clouds,48.61,48.61,48.61,87,61,16.55
151,Ostrovnoy,RU,39.5131,68.0531,overcast clouds,50.05,50.05,50.05,97,100,19.28
152,Miramar,US,-80.2323,25.9873,scattered clouds,85.77,88.02,82.0,75,40,12.66
153,Baltiysk,RU,19.911,54.6538,clear sky,67.98,67.98,67.98,86,7,8.9
154,Tena,EC,-77.8167,-0.9833,broken clouds,75.65,75.65,75.65,80,77,2.53
155,Asheville,US,-82.554,35.6009,scattered clouds,73.9,79.54,69.3,82,40,1.01
156,Henties Bay,NA,14.2845,-22.116,clear sky,58.19,58.19,58.19,66,0,8.41
157,College,US,-147.8028,64.8569,overcast clouds,58.98,58.98,57.52,88,90,11.5
158,Vardø,NO,31.1107,70.3705,overcast clouds,49.48,49.48,49.48,90,100,5.5
159,Gigmoto,PH,124.39,13.7796,overcast clouds,80.69,80.69,80.69,81,93,2.46
160,Ambon City,ID,128.1814,-3.6954,moderate rain,75.34,75.34,75.34,94,40,3.44
161,Barcelos,PT,-8.6151,41.5388,overcast clouds,67.33,75.69,64.54,62,87,6.4
162,Sisimiut,GL,-53.6735,66.9395,overcast clouds,44.01,44.01,44.01,91,93,7.07
163,Tūkrah,LY,20.5791,32.5341,clear sky,78.94,78.94,78.94,80,0,6.8
164,Carnarvon,AU,113.6333,-24.8667,broken clouds,65.08,65.08,65.08,53,80,18.59
165,Ilulissat,GL,-51.1,69.2167,light intensity drizzle,41.02,41.02,41.02,93,90,14.97
166,Kaitong,CN,123.15,44.8135,overcast clouds,75.99,75.99,75.99,88,100,12.8
167,Katsuura,JP,140.3,35.1333,overcast clouds,77.43,78.19,75.15,87,88,4.81
168,Paamiut,GL,-49.6678,61.994,broken clouds,43.48,43.48,43.48,94,83,4.63
169,Doka,SD,35.7667,13.5167,overcast clouds,73.49,73.49,73.49,88,100,12.88
170,Mount Isa,AU,139.5,-20.7333,scattered clouds,53.37,53.37,53.37,76,49,3.44
171,Krasnaya Polyana,RU,51.1442,56.242,few clouds,56.34,56.34,56.34,71,14,1.21
172,Khatanga,RU,102.5,71.9667,overcast clouds,47.57,47.57,47.57,60,100,18.32
173,Christchurch,NZ,172.6333,-43.5333,overcast clouds,51.96,52.32,48.02,67,85,1.99
174,Wasco,US,-119.341,35.5941,clear sky,98.02,102.13,96.75,17,1,10.36
175,Dafeng,CN,108.5881,23.4517,broken clouds,77.11,77.11,77.11,90,81,3.76
176,Nikolskoye,RU,30.7861,59.7035,overcast clouds,71.2,73.29,67.78,92,100,3.36
177,Beringovskiy,RU,179.3167,63.05,clear sky,57.36,57.36,57.36,71,10,8.99
178,Ust-Kuyga,RU,135.6,70.0167,few clouds,48.38,48.38,48.38,53,14,20.58
179,Douglas,US,-96.167,41.3,broken clouds,84.07,87.1,79.86,64,75,5.75
180,Lata,PT,-8.3327,40.1629,overcast clouds,65.3,65.8,60.93,67,91,1.97
181,Mehamn,NO,27.8492,71.0357,overcast clouds,47.61,47.61,47.61,90,85,4.99
182,Elliot,ZA,27.85,-31.3333,clear sky,33.46,33.46,33.46,37,0,5.93
183,Salalah,OM,54.0924,17.0151,overcast clouds,79.3,79.3,79.3,92,100,3.96
184,Ulaangom,MN,92.0667,49.9811,overcast clouds,64.47,64.47,64.47,59,100,1.41
185,Batouri,CM,14.3667,4.4333,light rain,68.7,68.7,68.7,96,100,1.7
186,Hobyo,SO,48.5268,5.3505,scattered clouds,76.93,76.93,76.93,81,44,26.06
187,Cidreira,BR,-50.2056,-30.1811,broken clouds,61.29,61.29,61.29,80,61,8.37
188,Kristiansund,NO,7.732,63.1115,overcast clouds,57.85,62.65,57.85,94,90,13.8
189,Esperance,AU,121.9,-33.8667,broken clouds,49.84,49.84,49.84,67,68,34.54
190,Bengkulu,ID,102.2655,-3.8004,overcast clouds,75.16,75.16,75.16,70,100,3.18
191,Vila Franca do Campo,PT,-25.4333,37.7167,few clouds,68.41,68.41,68.41,79,18,4.25
192,Mercedes,AR,-59.4307,-34.6515,light rain,51.87,53.51,50.86,77,100,8.88
193,Raudeberg,NO,5.1352,61.9875,overcast clouds,58.91,60.19,58.87,88,88,14.16
194,Haapiti,PF,-149.8667,-17.5667,clear sky,81.72,83.93,81.72,67,1,19.8
195,Bilma,NE,12.9164,18.6853,scattered clouds,97.59,97.59,97.59,17,28,5.68
196,Mar del Plata,AR,-57.5575,-38.0023,clear sky,50.02,51.13,46.42,71,0,8.01
197,Endirey,RU,46.654,43.1632,clear sky,65.66,65.66,65.66,53,6,5.26
198,Hilo,US,-155.09,19.7297,few clouds,81.18,82.8,80.4,74,23,5.99
199,New Norfolk,AU,147.0587,-42.7826,broken clouds,42.78,48.76,38.7,90,83,1.45
200,Itoman,JP,127.6694,26.1247,broken clouds,84.04,84.22,82.4,80,75,5.75
201,Pangody,RU,74.4859,65.85,overcast clouds,49.3,49.3,49.3,57,100,6.53
202,Ngunguru,NZ,174.5,-35.6167,clear sky,54.16,54.16,54.16,65,7,6.17
203,Naze,JP,129.4833,28.3667,overcast clouds,81.52,81.52,81.52,82,100,6.46
204,Kumul,CN,93.45,42.8,overcast clouds,79.16,79.16,79.16,41,100,14.88
205,Samarai,PG,150.6667,-10.6167,scattered clouds,79.54,79.54,79.54,88,48,13.29
206,Solnechnyy,RU,136.6319,50.7214,overcast clouds,70.09,70.09,70.09,99,100,1.88
207,Resistencia,AR,-58.9839,-27.4606,light rain,67.95,68.05,67.05,78,75,10.36
208,Shimoda,JP,138.95,34.6667,overcast clouds,73.11,73.11,73.11,83,95,5.77
209,Idrinskoye,RU,92.1358,54.3708,overcast clouds,61.97,61.97,61.97,88,95,1.81
210,Lingsugūr,IN,76.5167,16.1667,light rain,72.52,72.52,72.52,85,100,20.56
211,Balsas,BR,-46.0356,-7.5325,clear sky,82.67,82.67,82.67,32,4,3.4
212,Charters Towers,AU,146.2667,-20.1,overcast clouds,68.99,68.99,68.99,80,100,11.63
213,Vizinga,RU,50.1031,61.0749,broken clouds,64.35,64.35,64.35,76,70,3.31
214,Shouguang,CN,118.7375,36.88,light rain,78.44,78.44,78.44,91,100,3.24
215,Wamba,NG,8.6,8.9333,overcast clouds,73.35,73.35,73.35,90,100,2.21
216,Sakakah,SA,40.2064,29.9697,clear sky,90.93,90.93,90.93,17,3,10.65
217,Cap Malheureux,MU,57.6142,-19.9842,overcast clouds,73.65,73.65,73.65,59,92,15.7
218,Hasaki,JP,140.8333,35.7333,overcast clouds,73.33,73.8,71.82,89,91,7.78
219,Siliguri,IN,88.4333,26.7,overcast clouds,76.77,76.77,76.77,93,91,3.04
220,Flagstaff,US,-111.6513,35.1981,moderate rain,73.99,76.78,70.47,45,86,9.75
221,Sikonge,TZ,32.7667,-5.6333,overcast clouds,69.53,69.53,69.53,61,100,4.07
222,Petropavlovsk-Kamchatskiy,RU,158.6483,53.0452,few clouds,57.79,57.79,57.79,94,20,6.71
223,Port Moresby,PG,147.1797,-9.4431,haze,76.42,76.42,76.42,94,20,2.3
224,Acajutla,SV,-89.8275,13.5928,light rain,97.14,97.14,97.14,72,63,3.47
225,Zhangaözen,KZ,52.8,43.3,broken clouds,77.72,77.72,77.72,31,74,12.28
226,Atasū,KZ,71.6433,48.6814,scattered clouds,48.52,48.52,48.52,86,30,7.81
227,Fairbanks,US,-147.7164,64.8378,overcast clouds,59.81,60.76,57.54,83,90,11.5
228,Visakhapatnam,IN,83.2093,17.69,mist,78.69,78.69,78.69,100,75,2.3
229,Fare,PF,-151.0167,-16.7,light rain,79.21,79.21,79.21,76,33,19.84
230,Kapoeta,SS,33.5903,4.7717,overcast clouds,73.9,73.9,73.9,68,100,4.07
231,Mattru,SL,-11.8332,7.6244,overcast clouds,72.72,72.72,72.72,98,96,1.32
232,Alice Springs,AU,133.8833,-23.7,overcast clouds,53.15,53.15,53.15,94,93,0.0
233,Mehrān,IR,46.1646,33.1222,clear sky,95.85,95.85,95.85,13,0,9.44
234,Kampong Cham,KH,105.4635,11.9934,overcast clouds,74.84,74.84,74.84,96,100,1.3
235,Port Blair,IN,92.75,11.6667,broken clouds,80.71,80.71,80.71,84,72,7.52
236,Mahébourg,MU,57.7,-20.4081,overcast clouds,72.27,72.27,72.27,63,90,12.19
237,Nioki,CD,17.6833,-2.7167,scattered clouds,74.84,74.84,74.84,34,26,1.32
238,Sémbé,CG,14.5806,1.6481,overcast clouds,73.62,73.62,73.62,83,99,2.35
239,Gijang,KR,129.2139,35.2442,broken clouds,77.74,77.74,77.74,84,78,2.06
240,Waipawa,NZ,175.5153,-41.4122,broken clouds,52.48,54.45,51.3,72,57,23.13
241,San Jerónimo,PE,-75.2829,-11.9472,scattered clouds,60.42,60.42,60.42,50,31,8.28
242,Imbituba,BR,-48.6703,-28.24,overcast clouds,68.83,69.69,68.83,84,91,1.9
243,Bereda,ES,-7.5406,43.2686,broken clouds,56.89,59.92,56.14,94,60,6.02
244,Kurumkan,RU,110.3,54.3,light rain,60.84,60.84,60.84,92,100,2.33
245,Nelson Bay,AU,152.15,-32.7167,scattered clouds,55.04,60.96,51.85,82,37,9.17
246,Sur,OM,59.5289,22.5667,overcast clouds,84.47,84.47,84.47,74,100,2.66
247,South Lake Tahoe,US,-119.9844,38.9332,clear sky,86.31,95.07,71.78,26,1,16.11
248,Samaná,DO,-69.3369,19.2056,broken clouds,80.82,82.36,80.82,83,75,0.0
249,Zelenoborskiy,RU,32.3622,66.845,scattered clouds,53.85,53.85,53.85,81,37,5.39
250,Lagoa,PT,-27.9833,39.05,overcast clouds,68.52,68.52,68.52,83,100,14.65
251,Bogdanovich,RU,62.0494,56.7803,few clouds,47.53,47.53,47.53,71,16,6.6
252,Griffith,US,-87.4237,41.5284,scattered clouds,80.33,82.89,77.18,71,40,1.99
253,Antofagasta,CL,-70.4,-23.65,broken clouds,58.28,58.28,58.28,80,68,9.35
254,Ponta do Sol,PT,-17.1,32.6667,clear sky,70.2,72.72,68.13,84,1,6.26
255,Ca Mau,VN,105.15,9.1769,light rain,76.08,76.08,76.08,93,100,3.96
256,Guerrero Negro,MX,-114.0611,27.9769,overcast clouds,80.26,80.26,80.26,53,99,15.59
257,Oshkosh,US,-88.5426,44.0247,few clouds,68.49,70.95,65.3,88,20,3.0
258,Terrace,CA,-128.6035,54.5163,overcast clouds,70.43,70.43,70.43,42,100,4.5
259,Meulaboh,ID,96.1285,4.1363,overcast clouds,75.6,75.6,75.6,86,96,1.81
260,Graaff-Reinet,ZA,24.5308,-32.2522,clear sky,42.06,42.06,42.06,30,0,6.85
261,Portland,US,-122.6762,45.5234,smoke,81.37,88.9,73.33,46,20,1.01
262,Haines Junction,CA,-137.5108,60.7522,light rain,47.46,47.46,47.46,89,100,3.15
263,Yangi Marg`ilon,UZ,71.7189,40.4272,scattered clouds,77.72,77.72,74.62,38,28,2.3
264,Grand Gaube,MU,57.6608,-20.0064,overcast clouds,73.6,73.6,73.6,58,95,15.66
265,Torbay,CA,-52.7314,47.6666,clear sky,70.48,70.48,67.15,43,5,13.51
266,Maracás,BR,-40.4308,-13.4411,broken clouds,63.82,63.82,63.82,72,57,8.97
267,La Ronge,CA,-105.2842,55.1001,clear sky,73.87,73.87,73.87,33,5,8.34
268,Pitimbu,BR,-34.8086,-7.4706,few clouds,77.23,77.23,77.23,83,13,11.86
269,Changli,CN,119.1506,39.7042,broken clouds,73.31,73.31,73.31,93,53,4.27
270,St. Marys,US,-81.5465,30.7305,clear sky,85.93,88.29,84.04,75,1,8.01
271,Alofi,NU,-169.9187,-19.0595,broken clouds,82.29,82.29,82.29,78,75,6.91
272,Longyearbyen,SJ,15.6401,78.2186,broken clouds,42.64,42.64,42.64,81,75,8.05
273,Lokosovo,RU,74.8167,61.1333,overcast clouds,49.12,49.12,49.12,80,98,13.82
274,Bara,NG,10.7288,10.3744,light rain,77.18,77.18,77.18,74,96,5.82
275,Toamasina,MG,49.3833,-18.1667,scattered clouds,68.63,68.63,68.63,81,30,4.68
276,‘Āhuimanu,US,-157.8378,21.4447,light rain,82.81,83.91,82.11,65,75,13.8
277,Fort Walton Beach,US,-86.6188,30.4058,scattered clouds,87.3,92.16,84.97,69,40,5.01
278,Lompoc,US,-120.4579,34.6391,few clouds,71.74,86.14,67.59,69,11,5.01
279,Haicheng,CN,122.7475,40.8516,heavy intensity rain,75.04,75.04,75.04,94,100,8.99
280,Suntar,RU,117.6319,62.1444,overcast clouds,63.86,63.86,63.86,75,100,9.71
281,Elko,US,-115.5012,41.0002,scattered clouds,94.62,96.82,90.81,5,41,15.99
282,Pozo Colorado,PY,-58.7972,-23.4923,overcast clouds,84.78,84.78,84.78,32,100,5.66
283,Norman Wells,CA,-126.8329,65.282,overcast clouds,56.32,56.32,56.32,71,96,12.8
284,Bentiu,SS,29.8333,9.2333,overcast clouds,74.52,74.52,74.52,86,99,4.47
285,Ruwi,OM,58.5507,23.5996,overcast clouds,87.49,87.49,87.49,72,100,8.68
286,Belozërskoye,RU,65.5842,55.8214,clear sky,44.31,44.31,44.31,73,7,8.3
287,Esso,RU,158.7,55.9333,broken clouds,61.97,61.97,61.97,64,56,13.8
288,Leh,IN,77.5833,34.1667,few clouds,59.47,59.47,59.47,55,21,5.46
289,Atar,MR,-13.0499,20.5169,clear sky,95.76,95.76,95.76,22,0,6.44
290,Mosetse,BW,26.65,-20.75,clear sky,52.41,52.41,52.41,82,6,17.65
291,Marsh Harbour,BS,-77.0636,26.5412,clear sky,82.49,82.49,82.49,72,9,15.3
292,Chicama,PE,-79.1469,-7.8447,scattered clouds,63.14,63.14,63.14,72,28,8.95
293,Jumla,NP,82.1838,29.2747,overcast clouds,62.4,62.4,62.4,95,92,1.36
294,Forrest City,US,-90.7898,35.0081,clear sky,87.91,89.46,82.18,44,2,6.85
295,Yumen,CN,97.2,40.2833,broken clouds,72.55,72.55,72.55,47,82,6.02
296,Ratangarh,IN,74.6,28.0833,broken clouds,85.28,85.28,85.28,73,69,9.66
297,Fortuna,US,-124.1573,40.5982,overcast clouds,58.23,94.48,56.32,87,90,10.36
298,Ahipara,NZ,173.1667,-35.1667,clear sky,53.51,53.51,53.51,65,9,4.16
299,Sitka,US,-135.33,57.0531,light rain,57.09,57.09,57.09,72,90,4.61
300,Végueta,PE,-77.6431,-11.0231,scattered clouds,65.21,65.21,65.21,79,28,12.44
301,Dikson,RU,80.5464,73.5069,overcast clouds,36.43,36.43,36.43,90,100,13.29
302,Marang,MY,103.2059,5.2056,overcast clouds,75.96,75.96,75.96,80,100,3.89
303,Ambilobe,MG,49.05,-13.2,clear sky,66.4,66.4,66.4,81,2,4.21
304,Burnie,AU,145.9167,-41.0667,light rain,52.05,52.05,52.05,94,100,3.49
305,Sola,VU,167.55,-13.8833,scattered clouds,80.17,80.17,80.17,79,35,24.32
306,Yachiyo,JP,140.0985,35.7294,broken clouds,74.57,77.95,71.69,97,75,6.91
307,Vezirköprü,TR,35.4547,41.1436,clear sky,70.29,70.29,70.29,89,0,2.24
308,Ust'-Kalmanka,RU,83.305,52.1207,overcast clouds,57.04,57.04,57.04,89,87,11.86
309,Dillon,US,-79.3712,34.4166,broken clouds,89.65,93.2,84.09,59,71,10.18
310,Passos,BR,-46.6097,-20.7189,clear sky,64.29,64.29,64.29,44,2,4.21
311,Gushikawa,JP,127.8686,26.3544,clear sky,81.95,83.43,81.63,87,1,5.75
312,Severnoye,RU,78.3619,56.3491,broken clouds,55.15,55.15,55.15,98,54,7.76
313,Mandalgovi,MN,106.2708,45.7625,scattered clouds,64.81,64.81,64.81,51,50,6.98
314,Loum,CM,9.7351,4.7182,light rain,71.73,71.73,71.73,99,95,0.51
315,Dzhebariki-Khaya,RU,135.8,62.2167,scattered clouds,69.53,69.53,69.53,55,37,5.73
316,Rio Grande,BR,-52.0986,-32.035,moderate rain,59.95,59.95,59.95,98,100,6.78
317,Shimanovsk,RU,127.7,52.0,overcast clouds,72.16,72.16,72.16,98,97,9.1
318,Havre-St-Pierre,CA,-63.5986,50.2334,overcast clouds,57.7,57.7,57.7,83,100,11.05
319,Porto-Novo,BJ,2.6036,6.4965,broken clouds,77.61,77.61,77.61,81,64,9.28
320,Airai,TL,125.4092,-8.9266,overcast clouds,56.37,56.37,56.37,81,100,3.38
321,Morondava,MG,44.2833,-20.2833,few clouds,72.57,72.57,72.57,49,16,12.73
322,Kiruna,SE,20.2251,67.8557,light rain,65.32,65.32,65.32,55,40,8.05
323,Takoradze,GH,-1.7554,4.8845,light rain,76.55,76.55,76.55,84,95,10.2
324,Antequera,ES,-4.5612,37.0194,clear sky,68.18,69.94,64.76,66,5,7.38
325,Madang,PG,145.7966,-5.2246,overcast clouds,79.09,79.09,79.09,82,100,5.28
326,Grand-Santi,GF,-54.3833,4.25,overcast clouds,73.98,73.98,73.98,96,87,3.74
327,Ta Khmau,KH,104.95,11.4833,scattered clouds,78.85,78.85,78.85,94,40,1.14
328,Mossamedes,AO,12.1522,-15.1961,broken clouds,65.19,65.19,65.19,85,81,7.14
329,Sandane,NO,6.215,61.7728,broken clouds,61.47,64.47,56.3,96,75,5.3
330,Kaseda-shirakame,JP,130.3167,31.4167,few clouds,78.3,78.3,78.3,87,13,4.72
331,Flin Flon,CA,-101.865,54.7682,broken clouds,81.68,81.68,81.68,25,75,5.5
332,Masterton,NZ,175.6575,-40.9597,broken clouds,52.29,54.77,51.89,74,60,17.36
333,Lakselv,NO,24.9718,70.0513,clear sky,49.84,54.75,49.82,87,5,4.61
334,Yertsevo,RU,40.086,60.7966,overcast clouds,69.35,69.35,69.35,56,90,3.62
335,Portree,GB,-6.1942,57.4129,overcast clouds,55.53,55.85,55.53,90,92,5.79
336,Pop,UZ,71.1089,40.8736,overcast clouds,75.69,75.69,75.69,50,97,6.24
337,Tortolì,IT,9.6572,39.9256,clear sky,70.99,70.99,70.99,70,0,6.62
338,Maumere,ID,122.2111,-8.6199,broken clouds,77.59,77.59,77.59,80,81,11.45
339,Atagay,RU,99.3875,55.1033,clear sky,59.27,59.27,59.27,73,1,2.71
340,Nova Prata,BR,-51.61,-28.7839,broken clouds,58.42,58.42,58.42,82,63,3.31
341,Krasnyy Chikoy,RU,108.7512,50.3643,clear sky,55.47,55.47,55.47,98,6,3.49
342,Oxapampa,PE,-75.4017,-10.5775,broken clouds,63.45,63.45,63.45,90,66,1.86
343,Sooke,CA,-123.7276,48.3746,scattered clouds,69.17,77.41,56.57,59,32,9.73
344,Nandi,IN,77.6984,13.3855,overcast clouds,67.6,67.6,67.6,90,100,14.85
345,Bahir Dar,ET,37.3908,11.5936,moderate rain,60.21,60.21,60.21,96,100,3.94
346,Mozarlândia,BR,-50.5706,-14.7447,clear sky,78.33,78.33,78.33,29,0,1.12
347,Qaqortoq,GL,-46.0333,60.7167,scattered clouds,49.39,49.39,49.39,75,48,3.96
348,Thompson,CA,-97.8558,55.7435,scattered clouds,84.94,84.94,84.94,20,26,3.94
349,Salihorsk,BY,27.5415,52.7876,few clouds,69.35,69.35,69.35,85,18,7.78
350,Hella,NO,14.4333,67.2,broken clouds,62.98,63.88,60.76,77,75,8.05
351,Bac Lieu,VN,105.7244,9.285,overcast clouds,77.65,77.65,77.65,90,100,7.27
352,Cabo San Lucas,MX,-109.9124,22.8909,clear sky,89.67,95.5,79.14,48,1,12.66
353,Ketchikan,US,-131.6461,55.3422,broken clouds,59.47,59.47,59.47,67,75,9.22
354,Port Lincoln,AU,135.8667,-34.7333,clear sky,55.9,55.9,55.9,82,0,16.02
355,Hambantota,LK,81.1185,6.1241,few clouds,77.34,77.34,77.34,94,20,3.44
356,Angul,IN,85.1,20.85,overcast clouds,78.55,78.55,78.55,92,88,5.5
357,Noumea,NC,166.4572,-22.2763,few clouds,68.0,68.0,62.58,99,13,9.55
358,Flinders,AU,150.8552,-34.5833,clear sky,52.52,58.37,49.17,83,3,1.01
359,Poum,NC,164.0167,-20.2333,broken clouds,71.29,71.29,71.29,71,83,20.62
360,Monteagudo,BO,-63.9833,-19.8167,clear sky,69.84,69.84,69.84,55,8,1.88
361,Callaguip,PH,120.4867,18.0714,broken clouds,80.58,80.58,80.58,79,78,4.59
362,Baykit,RU,96.37,61.67,clear sky,57.87,57.87,57.87,80,5,3.69
363,Barreirinhas,BR,-42.8264,-2.7469,scattered clouds,78.17,78.17,78.17,76,26,8.61
364,La Palma,US,-118.0467,33.8464,clear sky,83.7,104.04,69.55,60,1,5.01
365,Half Moon Bay,US,-122.4286,37.4636,few clouds,70.63,90.75,57.65,67,20,1.99
366,Al Bardīyah,LY,25.0865,31.7561,clear sky,78.06,78.06,78.06,77,0,12.73
367,Rome,US,-75.4557,43.2128,clear sky,77.07,82.26,73.65,78,1,5.75
368,Sangmélima,CM,11.9833,2.9333,overcast clouds,67.03,67.03,67.03,99,100,3.18
369,Kayerkan,RU,87.7602,69.3497,overcast clouds,45.5,45.5,45.5,70,92,2.66
370,Buala,SB,159.5921,-8.145,overcast clouds,83.39,83.39,83.39,76,97,11.97
371,Richards Bay,ZA,32.0377,-28.783,clear sky,54.43,54.43,54.43,77,2,4.56
372,Cumbitara,CO,-77.5823,1.6517,moderate rain,63.81,63.81,63.81,87,71,5.03
373,Urengoy,RU,78.3667,65.9667,broken clouds,44.62,44.62,44.62,70,69,8.34
374,Liverpool,GB,-2.9779,53.4106,broken clouds,61.99,63.82,58.44,77,57,1.99
375,Mandera,KE,41.867,3.9366,broken clouds,76.46,76.46,76.46,57,55,17.76
376,Quzhou,CN,118.8686,28.9594,few clouds,78.48,78.48,78.48,94,22,3.44
377,Nānākuli,US,-158.1547,21.3906,broken clouds,83.21,84.15,82.35,65,75,6.91
378,La Trinidad,PH,120.5875,16.455,overcast clouds,61.61,61.61,61.61,87,100,3.91
379,Kenai,US,-151.2583,60.5544,overcast clouds,58.32,64.02,57.25,77,90,10.36
380,Moyale,KE,39.0584,3.5167,broken clouds,71.49,71.49,71.49,48,78,12.44
381,Barstow,US,-117.0228,34.8986,clear sky,102.79,106.79,92.16,17,7,15.64
382,Labuhan,ID,112.2051,-6.8844,overcast clouds,75.38,75.38,75.38,78,99,10.78
383,Sungai Penuh,ID,101.3833,-2.0833,overcast clouds,63.36,63.36,63.36,65,100,1.28
384,Pasłęk,PL,19.6593,54.0616,light rain,69.57,74.53,69.57,82,24,8.12
385,Taltal,CL,-70.4833,-25.4,clear sky,58.82,58.82,58.82,76,0,3.49
386,Dingle,PH,122.6711,10.9995,light rain,76.8,76.8,76.8,89,86,1.79
387,Fort Frances,CA,-93.4003,48.5999,haze,78.82,82.17,77.05,35,1,1.01
388,Batesville,US,-91.641,35.7698,scattered clouds,92.57,93.29,91.62,47,37,5.99
389,Sabang,ID,95.3214,5.8933,overcast clouds,81.55,81.55,81.55,75,94,20.65
390,Sørland,NO,12.6934,67.667,broken clouds,56.01,56.01,56.01,83,79,10.36
391,Meadow Lake,US,-106.5436,34.8014,broken clouds,83.07,88.61,79.14,39,81,2.59
392,Ixtapa,MX,-105.2,20.7,overcast clouds,91.22,91.22,91.22,68,99,5.01
393,Moultonborough,US,-71.3967,43.7548,overcast clouds,72.66,77.99,68.47,96,96,2.37
394,Hay River,CA,-115.7999,60.8156,overcast clouds,80.87,80.87,80.87,39,93,3.06
395,Ola,RU,151.2833,59.5833,overcast clouds,57.83,57.83,57.83,83,100,1.81
396,Siyabuswa,ZA,29.0445,-25.1132,overcast clouds,50.09,50.09,50.09,62,85,12.01
397,Prince Rupert,CA,-130.3201,54.3161,overcast clouds,59.36,59.36,59.36,68,100,5.61
398,Teo,ES,-8.5,42.75,few clouds,61.27,62.51,59.85,78,20,4.61
399,Kieta,PG,155.6333,-6.2167,light rain,83.26,83.26,83.26,78,41,10.36
400,Riyadh,SA,46.7219,24.6877,broken clouds,89.74,89.74,89.74,15,78,8.41
401,Verkhnyaya Inta,RU,60.3094,65.9811,overcast clouds,56.93,56.93,56.93,52,100,3.02
402,Behbahān,IR,50.2417,30.5959,clear sky,90.39,90.39,90.39,18,0,2.28
403,Borogontsy,RU,131.1683,62.6683,overcast clouds,69.3,69.3,69.3,57,91,3.78
404,Harpanahalli,IN,75.9833,14.8,overcast clouds,70.14,70.14,70.14,92,100,16.24
405,Peniche,PT,-9.3811,39.3558,scattered clouds,62.65,75.61,59.94,84,39,14.58
406,Qom,IR,50.8764,34.6401,clear sky,87.48,87.48,87.48,26,1,11.59
407,Maple Valley,US,-122.0464,47.3927,clear sky,75.49,84.04,67.89,57,1,5.75
408,Golyshmanovo,RU,68.3728,56.3979,broken clouds,47.93,47.93,47.93,60,65,15.86
409,Muros,ES,-9.0603,42.7762,broken clouds,63.41,64.15,61.68,76,70,16.02
410,Bafoulabé,ML,-10.8321,13.8065,overcast clouds,87.37,87.37,87.37,54,90,5.14
411,Sal Rei,CV,-22.9167,16.1833,scattered clouds,75.76,75.76,75.76,92,31,13.4
412,Ossora,RU,163.0719,59.2353,light rain,56.43,56.43,56.43,97,100,3.31
413,Marystown,CA,-55.1483,47.1666,clear sky,59.52,59.52,59.52,71,0,11.21
414,Poço Verde,BR,-38.1833,-10.7083,few clouds,68.27,68.27,68.27,94,15,6.98
415,Whitehorse,CA,-135.0538,60.7161,overcast clouds,57.02,57.02,57.02,63,100,4.32
416,Saint-Pierre,RE,55.4781,-21.3393,light rain,66.07,67.64,65.88,77,0,6.91
417,Paracuru,BR,-39.0306,-3.41,scattered clouds,80.11,80.62,80.11,79,45,13.11
418,Kuril'sk,RU,147.8833,45.2333,overcast clouds,62.06,62.06,62.06,88,89,7.14
419,Iqaluit,CA,-68.5145,63.7506,scattered clouds,55.56,55.56,55.56,48,39,14.03
420,Touros,BR,-35.4608,-5.1989,overcast clouds,78.08,78.08,78.08,77,100,14.76
421,Ilaya,PH,125.2267,5.8153,overcast clouds,77.77,77.77,77.77,85,86,4.21
422,Nome,US,-165.4064,64.5011,overcast clouds,51.87,51.87,51.87,82,90,10.36
423,Pacific Grove,US,-121.9166,36.6177,scattered clouds,61.05,88.29,55.09,83,40,5.01
424,Poso,ID,120.7524,-1.3959,overcast clouds,76.57,76.57,76.57,82,100,4.18
425,Pouembout,NC,164.9,-21.1333,few clouds,70.41,70.41,70.41,63,21,8.12
426,Pangai,TO,-174.35,-19.8,broken clouds,76.68,76.68,76.68,85,66,16.49
427,Pilar,BR,-35.9567,-9.5972,clear sky,75.13,75.13,75.13,90,10,4.12
428,Yulara,AU,130.9889,-25.2406,scattered clouds,53.44,53.44,53.44,54,34,9.42
429,Saryg-Sep,RU,95.6,51.5,broken clouds,57.02,57.02,57.02,70,78,3.47
430,Ankazobe,MG,47.1167,-18.3167,few clouds,54.01,54.01,54.01,93,12,5.48
431,Saint George,US,-113.5841,37.1041,clear sky,100.81,102.67,96.33,26,1,1.99
432,Terrace Bay,CA,-87.1,48.7834,overcast clouds,67.12,67.12,67.12,51,97,5.06
433,Vanavara,RU,102.2797,60.34,overcast clouds,59.25,59.25,59.25,68,100,7.02
434,Mantenópolis,BR,-41.1228,-18.8625,overcast clouds,70.45,70.45,70.45,65,92,0.72
435,Vozuća,BA,18.3578,44.3614,broken clouds,72.28,72.28,71.08,81,83,2.04
436,Bambanglipuro,ID,110.2833,-7.95,overcast clouds,56.61,56.61,56.61,85,99,7.07
437,Kontagora,NG,5.4695,10.3999,overcast clouds,77.18,77.18,77.18,77,90,4.16
438,Zhigansk,RU,123.3711,66.7697,clear sky,50.58,50.58,50.58,50,1,10.85
439,Zyryanka,RU,150.85,65.75,few clouds,71.33,71.33,71.33,49,24,7.29
440,Karasjok,NO,25.5112,69.4719,scattered clouds,48.31,48.31,48.31,86,27,4.5
441,Pak Chong,TH,101.4161,14.708,overcast clouds,75.81,78.69,75.81,89,100,1.48
442,Būlaevo,KZ,70.4439,54.9056,light rain,45.88,45.88,45.88,89,100,13.58
443,Bayan,CN,127.4,46.0833,overcast clouds,76.46,76.46,76.46,91,96,8.23
444,Mutare,ZW,32.6709,-18.9707,light rain,55.13,55.13,55.13,93,98,3.6
445,Cilegon,ID,106.0538,-6.0174,overcast clouds,76.86,76.89,76.86,79,100,2.75
446,Vao,NC,167.4833,-22.6667,overcast clouds,69.49,69.49,69.49,60,94,17.85
447,Shihezi,CN,86.0333,44.3,broken clouds,71.87,71.87,71.87,54,72,3.65
448,Port Hardy,CA,-127.4199,50.6996,scattered clouds,61.75,61.75,61.75,74,27,12.33
449,Yakima,US,-120.6678,46.4665,clear sky,99.39,102.18,92.91,14,1,4.61
450,Manokwari,ID,134.0833,-0.8667,light rain,78.01,78.01,78.01,81,100,2.82
451,Talnakh,RU,88.3972,69.4865,overcast clouds,48.2,48.2,48.2,66,92,1.61
452,Carutapera,BR,-46.02,-1.195,scattered clouds,75.45,75.45,75.45,93,28,9.08
453,Pierre,US,-100.351,44.3683,scattered clouds,79.72,83.98,79.72,47,40,10.36
454,Yarmouth,US,-70.2286,41.7057,mist,75.79,83.44,71.15,93,90,6.91
455,Nemuro,JP,145.575,43.3236,overcast clouds,59.72,59.72,59.72,97,91,3.04
456,Río Gallegos,AR,-69.2181,-51.6226,light rain,35.65,35.65,35.65,93,75,10.36
457,Bāfq,IR,55.4107,31.6128,broken clouds,95.77,95.77,95.77,23,77,12.59
458,Cabedelo,BR,-34.8339,-6.9811,scattered clouds,77.67,77.67,77.67,85,25,12.57
459,Sokol,RU,40.1206,59.4617,broken clouds,65.57,65.57,65.57,83,52,5.06
460,Noci,IT,17.1317,40.7907,clear sky,76.53,80.26,72.73,54,0,11.23
461,Nizwá,OM,57.5333,22.9333,overcast clouds,85.08,85.08,85.08,63,100,2.28
462,Borgo San Lorenzo,IT,11.3835,43.9553,scattered clouds,62.19,66.06,57.22,80,28,3.15
463,Grants,US,-107.8514,35.1473,scattered clouds,80.83,80.83,80.83,34,40,3.44
464,Hofn,IS,-15.2082,64.2539,light rain,52.81,52.81,52.81,72,57,7.65
465,Rocky Mountain House,CA,-114.9188,52.3668,few clouds,81.82,81.82,81.82,42,17,11.56
466,Micheweni,TZ,39.8333,-4.9667,few clouds,75.34,75.34,75.34,82,17,11.21
467,Bulgan,MN,103.5347,48.8125,clear sky,56.37,56.37,56.37,80,0,2.08
468,Pisco,PE,-76.2167,-13.7,scattered clouds,66.02,66.02,66.02,83,36,5.99
469,Golspie,GB,-3.978,57.9727,overcast clouds,61.2,62.96,60.87,82,95,14.94
470,Iberia,US,-91.7507,29.9502,light rain,87.6,91.98,80.56,66,1,12.66
471,Mahibadhoo,MV,72.9667,3.7833,overcast clouds,81.21,81.21,81.21,80,95,11.32
472,San Ramon,US,-121.978,37.7799,clear sky,74.66,91.08,56.16,45,1,8.99
473,Kidal,ML,1.4078,18.4411,broken clouds,89.78,89.78,89.78,37,57,11.01
474,Chilchota,MX,-102.1333,19.85,broken clouds,76.33,76.33,76.33,69,77,2.48
475,Novy Urengoy,RU,76.6333,66.0833,broken clouds,47.07,47.07,47.07,66,78,7.07
476,Stornoway,GB,-6.3865,58.2093,overcast clouds,55.9,57.92,55.36,82,90,8.05
477,Bolshaya Sosnova,RU,54.6029,57.6713,scattered clouds,55.02,55.02,55.02,66,44,2.77
478,Dickinson,US,-95.0513,29.4608,few clouds,84.45,89.04,79.14,79,20,1.01
479,Atambua,ID,124.8925,-9.1061,overcast clouds,69.06,69.06,69.06,85,100,5.48
480,Pangnirtung,CA,-65.7125,66.1451,broken clouds,51.33,51.33,51.33,63,78,8.01
481,Saldanha,ZA,17.9442,-33.0117,few clouds,50.59,50.59,50.59,65,22,4.79
482,Kirakira,SB,161.9205,-10.4544,broken clouds,82.94,82.94,82.94,78,77,14.63
483,Viedma,AR,-62.9967,-40.8135,clear sky,49.6,49.6,49.6,38,10,8.72
484,Lázaro Cárdenas,MX,-102.2,17.9583,overcast clouds,85.59,85.59,85.59,71,90,7.92
485,Buraidah,SA,43.975,26.326,scattered clouds,91.08,91.08,91.08,15,35,8.21
486,Ndola,ZM,28.6366,-12.9587,few clouds,49.73,49.73,49.73,53,13,5.01
487,Verkhnevilyuysk,RU,120.3167,63.4453,light rain,51.75,51.75,51.75,84,100,8.55
488,Chkalovskoye,RU,133.0436,44.8392,overcast clouds,73.09,73.09,73.09,77,100,8.84
489,Balkanabat,TM,54.3671,39.5108,overcast clouds,85.33,85.33,85.33,30,100,15.14
490,Praia da Vitória,PT,-27.0667,38.7333,few clouds,71.76,71.76,71.76,86,22,8.41
491,Władysławowo,PL,18.4009,54.7909,scattered clouds,74.66,74.93,72.95,90,28,6.78
492,Sidi Ali,DZ,0.4206,36.0998,clear sky,71.02,71.02,71.02,60,0,11.32
493,Morehead,US,-87.1764,37.2711,broken clouds,87.28,88.86,83.91,60,75,1.01
494,Casambalangan,PH,122.1274,18.3765,scattered clouds,80.58,80.58,80.58,85,39,3.06
495,Vila do Maio,CV,-23.2167,15.1333,clear sky,77.79,77.79,77.79,88,6,15.14
496,San Jose,US,-121.895,37.3394,clear sky,80.4,91.53,58.19,41,1,11.5
497,Nouadhibou,MR,-17.0347,20.931,clear sky,67.66,67.66,67.66,90,1,18.86
498,Hamilton,US,-84.5333,39.1834,scattered clouds,85.12,88.25,81.79,59,40,4.0
499,Sangar,RU,127.4739,63.9242,overcast clouds,63.73,63.73,63.73,65,95,3.91
500,Anadyr,RU,177.4833,64.75,clear sky,59.5,59.5,59.5,72,0,4.47
501,Port Hedland,AU,118.5667,-20.3167,few clouds,59.05,59.05,59.05,77,14,6.91
502,Bumba,CD,22.4667,2.1833,overcast clouds,73.56,73.56,73.56,79,92,2.1
503,Shahreza,IR,51.8794,32.0339,clear sky,78.89,78.89,78.89,17,8,3.2
504,Makat,KZ,53.3463,47.6469,clear sky,75.79,75.79,75.79,22,1,6.6
505,Nantucket,US,-70.0995,41.2835,fog,72.39,80.26,71.15,94,90,6.91
506,Āsbe Teferī,ET,40.8667,9.0833,overcast clouds,61.74,61.74,61.74,87,100,6.96
507,Cairns,AU,145.7667,-16.9167,overcast clouds,70.83,72.07,70.11,93,90,9.22
508,Vanino,RU,140.2543,49.0869,overcast clouds,61.7,61.7,61.7,98,100,2.71
509,Fendou,CN,130.9167,45.2,broken clouds,72.82,72.82,72.82,80,63,4.43
510,Palimé,TG,0.6333,6.9,broken clouds,71.29,71.29,71.29,93,60,3.06
511,Riohacha,CO,-72.9072,11.5444,few clouds,87.21,87.21,87.21,59,22,18.37
512,Galesong,ID,119.3661,-5.3166,overcast clouds,73.42,73.42,73.42,79,97,10.47
513,Slave Lake,CA,-114.769,55.2834,light rain,87.55,87.55,87.55,28,69,9.15
514,Corinth,GR,22.9573,37.9407,clear sky,83.14,87.69,80.89,49,0,2.21
515,Pemberton,CA,-122.8027,50.3164,clear sky,89.29,89.29,89.29,27,3,6.35
516,Warrnambool,AU,142.4833,-38.3833,broken clouds,53.82,53.82,53.82,81,84,17.43
517,Tabou,CI,-7.3528,4.423,overcast clouds,76.64,76.64,76.64,73,100,6.35
518,Cheyenne,US,-104.8203,41.14,thunderstorm with light rain,70.77,74.19,68.32,62,75,12.66
519,Mīzan Teferī,ET,35.5833,6.9833,overcast clouds,60.73,60.73,60.73,97,100,2.77
520,Houndé,BF,-3.5167,11.5,broken clouds,80.55,80.55,80.55,61,54,8.3
521,Cherskiy,RU,161.3,68.75,scattered clouds,60.85,60.85,60.85,57,29,13.44
522,Laguna,US,-121.4238,38.421,clear sky,90.16,103.14,82.06,33,1,4.0
523,Tongzi,CN,105.0877,28.7829,overcast clouds,77.63,77.63,77.63,95,100,2.89
524,Nālūt,LY,10.85,30.3333,clear sky,87.89,87.89,87.89,41,2,15.03
525,Payson,US,-111.7321,40.0444,clear sky,89.58,95.41,88.25,24,1,4.61
526,Bonthe,SL,-12.505,7.5264,light rain,76.26,76.26,76.26,87,100,6.15
527,Fatick,SN,-16.5858,14.3581,broken clouds,79.74,79.74,79.74,73,55,14.0
528,Nizhniy Kuranakh,RU,125.4869,58.8353,overcast clouds,61.34,61.34,61.34,79,100,3.36
529,Quryq,KZ,51.65,43.2,broken clouds,78.96,78.96,78.96,37,52,7.07
530,Bogandé,BF,-0.1436,12.9714,few clouds,87.42,87.42,87.42,48,17,10.45
531,Şile,TR,29.6133,41.1754,clear sky,75.36,75.56,70.09,76,0,7.05
532,Leer,SS,30.1418,8.3018,light rain,71.33,71.33,71.33,90,100,4.16
533,Sampit,ID,112.95,-2.5333,overcast clouds,70.39,70.39,70.39,99,100,2.59
534,Majene,ID,118.9707,-3.5403,overcast clouds,76.37,76.37,76.37,90,100,6.38
535,Moss Point,US,-88.5345,30.4116,scattered clouds,86.47,87.82,84.11,72,40,8.05
536,Wajima,JP,136.9,37.4,light rain,76.05,76.05,76.05,84,90,3.67
537,Vila Velha,BR,-40.2925,-20.3297,broken clouds,78.96,78.96,78.96,72,72,8.55
538,Pekan,MY,103.3996,3.4836,light rain,75.18,75.18,75.18,90,100,6.33
539,Aklavik,CA,-135.0107,68.2191,overcast clouds,42.42,42.42,42.42,65,98,22.15
540,Pangoa,PE,-73.0,-12.1167,scattered clouds,75.45,75.45,75.45,82,50,1.92
541,Port Keats,AU,129.55,-14.25,clear sky,67.84,67.84,67.84,43,4,6.6
542,Carupano,VE,-63.2585,10.6678,scattered clouds,80.08,80.08,80.08,81,29,11.3
543,Mackenzie,CA,-123.1698,55.2999,broken clouds,81.3,81.3,81.3,24,62,10.78
544,Bafang,CM,10.1788,5.1563,light rain,63.59,63.59,63.59,99,100,0.65
545,Hualmay,PE,-77.6139,-11.0964,scattered clouds,65.48,65.48,65.48,78,26,12.26
546,Årøysund,NO,10.455,59.1806,few clouds,68.41,70.2,64.56,94,15,2.3
547,Turukhansk,RU,87.9833,65.8167,overcast clouds,50.0,50.0,50.0,59,89,7.9
548,Narón,ES,-8.1528,43.5167,broken clouds,62.96,64.6,60.89,94,84,8.59
549,Oranjemund,NA,16.4333,-28.55,clear sky,55.74,55.74,55.74,45,0,4.05
550,Chifeng,CN,118.9636,42.2683,overcast clouds,72.86,72.86,72.86,92,97,2.66
551,Starovelichkovskaya,RU,38.7326,45.4288,clear sky,68.04,70.0,68.02,43,0,8.61
552,Hervey Bay,AU,152.8535,-25.2986,broken clouds,66.04,69.04,64.51,92,52,3.0
553,Lorengau,PG,147.2712,-2.0226,broken clouds,82.89,82.89,82.89,78,73,8.12
554,Sobolevo,RU,31.8996,54.4299,light rain,64.92,64.92,64.92,96,100,4.52
555,Province of Mantua,IT,10.7833,45.1667,scattered clouds,66.54,69.04,63.21,77,38,2.44
556,Pedernales,DO,-71.744,18.0384,overcast clouds,84.09,84.09,84.09,67,97,2.08
557,Suffolk,US,-72.7996,40.8668,clear sky,80.33,85.46,75.85,86,1,4.0
558,Zhangjiakou,CN,114.8794,40.81,clear sky,73.29,73.29,73.29,90,5,1.41
559,Hermiston,US,-119.2895,45.8404,clear sky,99.86,102.18,97.86,19,1,8.05
560,Tahoua,NE,5.2692,14.8888,broken clouds,91.26,91.26,91.26,42,70,9.26
561,Marstal,DK,10.5173,54.8562,light rain,72.46,73.31,67.91,94,59,5.99
562,Orotukan,RU,151.7,62.2667,overcast clouds,64.69,64.69,64.69,53,100,10.18
563,Pontes e Lacerda,BR,-59.3353,-15.2261,clear sky,81.66,81.66,81.66,31,0,2.84
564,Korla,CN,86.1469,41.7597,scattered clouds,74.44,74.44,74.44,41,39,3.15
565,Les Cayes,HT,-73.75,18.2,overcast clouds,82.62,82.62,82.62,71,87,4.0
566,Barsovo,RU,73.1667,61.1667,overcast clouds,53.73,53.73,53.73,72,96,18.14
567,Blackwater,AU,148.8833,-23.5833,broken clouds,63.79,63.79,63.79,88,54,6.93
568,Tilichiki,RU,166.1,60.4667,overcast clouds,56.89,56.89,56.89,83,100,1.05
569,Arrifes,PT,-25.7,37.7667,few clouds,66.45,66.45,66.45,77,20,9.22
570,Balikpapan,ID,116.8289,-1.2675,overcast clouds,72.46,72.46,72.46,95,100,9.01
571,Kiryat Gat,IL,34.7642,31.61,clear sky,74.1,80.4,71.78,100,0,1.88
572,City of San Pedro,PH,121.0167,14.35,overcast clouds,79.38,80.1,78.31,88,100,1.5
573,Pyapon,MM,95.6833,16.2833,overcast clouds,78.91,78.91,78.91,90,100,3.78
574,Tura,IN,90.2201,25.5198,overcast clouds,73.15,73.15,73.15,96,99,3.83
575,Honningsvåg,NO,25.9704,70.9821,scattered clouds,48.52,48.52,48.52,89,44,2.84
576,Zaragoza,ES,-0.8773,41.6561,clear sky,64.29,64.85,62.11,61,0,11.99
577,Topeka,US,-95.678,39.0483,broken clouds,88.88,90.79,85.68,59,62,5.01
578,Izhma,RU,53.9113,65.0083,overcast clouds,56.48,56.48,56.48,93,93,2.66
579,Aykhal,RU,111.5,66.0,few clouds,50.0,50.0,50.0,54,21,4.5
580,Saint-Augustin,CA,-58.6502,51.226,broken clouds,69.58,69.58,69.58,57,83,19.04
581,Riverton,US,-111.9391,40.5219,clear sky,92.89,97.5,87.19,26,1,3.0
582,Abalak,RU,68.5944,58.1286,light rain,44.96,44.96,44.96,97,100,13.06
583,Barranca,PE,-77.7667,-10.75,scattered clouds,64.78,64.78,64.78,79,32,12.24
584,Saint-Gabriel,CA,-73.3824,46.3001,broken clouds,78.84,78.84,71.83,81,62,7.14
585,Wonthaggi,AU,145.5913,-38.6044,scattered clouds,52.3,56.19,51.44,86,35,19.04
586,Salinópolis,BR,-47.3561,-0.6136,scattered clouds,78.39,78.39,78.39,84,25,12.62
587,Marsá Maţrūḩ,EG,27.2453,31.3525,clear sky,78.66,78.66,78.66,74,0,9.24
588,Lafia,NG,8.5167,8.4833,overcast clouds,77.11,77.11,77.11,81,100,3.27
589,Sinnamary,GF,-52.95,5.3833,broken clouds,79.09,79.09,79.09,82,74,8.59
590,Olinda,BR,-34.8553,-8.0089,broken clouds,73.13,73.13,73.13,88,75,4.61
591,San Quintín,MX,-115.95,30.4833,clear sky,75.65,75.65,75.65,66,2,11.03
592,Kropotkin,RU,40.5756,45.4375,clear sky,70.34,70.34,70.34,39,0,7.85
593,Mubi,NG,13.2644,10.2676,light rain,71.74,71.74,71.74,88,100,1.59
594,Bangaon,IN,88.8167,23.0667,overcast clouds,82.35,82.35,82.35,93,100,5.37
595,Acaraú,BR,-40.12,-2.8856,overcast clouds,79.32,79.32,79.32,81,88,17.56
596,Brae,GB,-1.353,60.3964,overcast clouds,57.11,57.11,57.11,94,100,23.69
597,Pimenta Bueno,BR,-61.1936,-11.6725,clear sky,83.23,83.23,83.23,32,3,2.24
598,Talara,PE,-81.2719,-4.5772,clear sky,72.36,72.36,72.36,78,0,14.97
599,Camacha,PT,-16.3333,33.0833,broken clouds,65.62,66.96,65.62,77,75,13.8
600,Evensk,RU,159.2333,61.95,heavy intensity rain,55.94,55.94,55.94,92,100,19.1
601,Diapaga,BF,1.7889,12.0708,few clouds,79.75,79.75,79.75,72,14,6.13
602,Abhā,SA,42.5053,18.2164,clear sky,66.45,66.45,66.45,77,0,0.0
603,Tautira,PF,-149.15,-17.7333,few clouds,84.22,84.22,82.0,67,23,18.95
604,Pārvatipuram,IN,83.4333,18.7833,overcast clouds,77.07,77.07,77.07,94,90,3.11
605,Bridlington,GB,-0.1919,54.0831,broken clouds,59.09,64.29,57.52,90,77,5.26
606,Taunggyi,MM,97.0333,20.7833,broken clouds,63.45,63.45,63.45,93,83,1.83
607,Feldkirchen-Westerham,DE,11.8427,47.9075,overcast clouds,56.05,59.09,50.56,95,94,4.99
608,Venado Tuerto,AR,-61.9688,-33.7456,overcast clouds,47.7,48.78,45.9,63,100,7.47
609,Hare Bay,CA,-54.0148,48.8499,clear sky,78.19,78.19,78.19,50,2,4.47
610,Atbasar,KZ,68.3333,51.8,overcast clouds,49.05,49.05,49.05,82,95,5.01
611,Okhotsk,RU,143.3,59.3833,clear sky,68.67,68.67,68.67,54,0,11.54
612,Tabuk,PH,121.4443,17.4189,scattered clouds,74.17,74.17,74.17,91,35,2.46
613,Itaperuçu,BR,-49.3478,-25.22,overcast clouds,63.66,64.9,57.9,64,93,0.83
614,Parnamirim,BR,-35.2628,-5.9156,broken clouds,75.97,75.97,75.97,80,67,9.91
615,Egvekinot,RU,-179.1667,66.3167,broken clouds,50.13,50.13,50.13,76,52,7.9
616,Mount Gambier,AU,140.7667,-37.8333,light rain,53.37,53.37,53.37,86,99,11.27
617,Tongchuanshi,CN,109.0897,35.0806,overcast clouds,77.34,77.34,77.34,77,94,4.03
618,Tiznit Province,MA,-9.5,29.5833,scattered clouds,75.65,75.65,75.65,48,34,2.15
619,Batagay-Alyta,RU,130.4114,67.8006,scattered clouds,48.16,48.16,48.16,63,26,4.07
620,Guamo,CO,-74.9701,4.0308,broken clouds,90.57,90.57,90.57,45,59,4.59
621,Shache,CN,77.2406,38.4167,broken clouds,78.49,78.49,78.49,22,51,6.62
622,Varhaug,NO,5.6457,58.6147,scattered clouds,59.0,60.35,57.69,93,46,13.76
623,Tarko-Sale,RU,77.785,64.9225,overcast clouds,45.7,45.7,45.7,66,87,12.06
624,Maiduguri,NG,13.1603,11.8464,overcast clouds,84.18,84.18,84.18,57,97,9.26
625,Quelimane,MZ,36.8883,-17.8786,light rain,73.35,73.35,73.35,88,40,3.44
626,Omboué,GA,9.2618,-1.5746,few clouds,71.49,71.49,71.49,84,19,7.76
627,Leiyang,CN,112.8591,26.4024,scattered clouds,79.38,79.38,79.38,76,27,5.12
628,Eyrarbakki,IS,-21.1481,63.863,broken clouds,49.21,49.21,49.21,86,54,24.87
629,Goba,ET,39.9833,7.0167,scattered clouds,49.26,49.26,49.26,86,46,4.94
630,Salinas,US,-121.6555,36.6777,few clouds,63.45,88.7,55.51,70,20,10.36
631,Darhan,MN,105.9228,49.4867,clear sky,60.55,60.55,60.55,84,7,4.07
632,Rawson,AR,-65.1023,-43.3002,overcast clouds,51.22,51.22,51.22,47,89,18.48
633,Tessaoua,NE,7.9874,13.7574,overcast clouds,92.32,92.32,92.32,36,91,5.77
634,Nangomba,TZ,38.5,-10.9,scattered clouds,69.67,69.67,69.67,73,33,4.23
635,Sterling,US,-77.4286,39.0062,scattered clouds,80.78,89.94,73.35,71,40,7.0
636,Launceston,AU,147.1667,-41.45,shower rain,50.34,51.8,45.48,98,75,5.75
637,Neuquén,AR,-68.0591,-38.9516,scattered clouds,53.13,53.13,53.13,41,41,16.78
638,Kungurtug,RU,97.5228,50.5994,clear sky,51.51,51.51,51.51,82,1,1.97
639,Ergani,TR,39.7621,38.2653,clear sky,76.55,83.12,76.55,43,0,13.89
640,Torit,SS,32.5678,4.4133,overcast clouds,68.27,68.27,68.27,92,100,3.04
641,Meybod,IR,54.0166,32.2501,scattered clouds,92.46,92.46,92.46,15,50,13.96
642,Ayan,RU,138.1667,56.45,overcast clouds,64.67,64.67,64.67,69,100,7.67
643,Austin,US,-97.7431,30.2672,broken clouds,87.3,92.66,82.17,65,75,5.99
644,Teplyk,UA,29.745,48.6657,clear sky,71.76,71.76,71.76,69,0,5.53
645,Nakambala,ZM,27.7799,-15.8324,scattered clouds,64.09,64.09,64.09,46,45,6.31
646,Sadu,RO,24.1833,45.6667,clear sky,77.32,77.32,77.32,50,0,10.36
647,Dabakala,CI,-4.4333,8.3667,light rain,73.22,73.22,73.22,93,100,5.73
648,Saint-Paul,RE,55.2707,-21.0096,few clouds,67.89,68.09,66.31,77,14,2.46
649,Bintulu,MY,113.0333,3.1667,overcast clouds,72.99,72.99,72.99,91,100,5.1
650,Severnyy,RU,36.5532,50.677,clear sky,71.64,71.64,71.64,49,0,2.24
651,San Andrés,CO,-81.7006,12.5847,broken clouds,86.02,86.02,86.02,74,75,13.8
652,Kangaatsiaq,GL,-53.4641,68.3065,light rain,40.24,40.24,40.24,96,99,13.22
653,San Patricio,US,-97.5169,28.017,overcast clouds,87.26,89.69,83.88,57,93,12.91
654,Praia,CV,-23.5087,14.9215,few clouds,77.54,77.54,77.54,78,20,5.75
655,Dunedin,NZ,170.5036,-45.8742,overcast clouds,45.81,45.81,45.81,67,99,11.99
656,Montepuez,MZ,38.9997,-13.1256,clear sky,64.51,64.51,64.51,82,10,7.56
657,Cam Ranh,VN,109.1591,11.9214,broken clouds,76.96,76.96,76.96,94,75,3.44
658,Luang Prabang,LA,102.1347,19.8856,scattered clouds,72.52,72.52,72.52,99,29,1.21
659,Hemsedal,NO,8.5534,60.8629,clear sky,59.25,59.32,58.95,88,6,2.15
660,Bundaberg,AU,152.35,-24.85,overcast clouds,69.22,69.22,64.69,95,90,1.01
661,Maniitsoq,GL,-52.9,65.4167,overcast clouds,42.21,42.21,42.21,97,100,6.76
662,Katangli,RU,143.2326,51.7102,overcast clouds,64.33,64.33,64.33,92,100,5.97
663,Grand-Lahou,CI,-5.0242,5.1367,overcast clouds,76.64,76.64,76.64,77,100,10.71
664,Tapes,BR,-51.3958,-30.6733,overcast clouds,59.27,59.27,59.27,87,92,3.91
665,Concepción,CL,-73.0498,-36.827,clear sky,49.8,49.8,49.8,81,0,6.91
666,Payo,ID,103.6372,-3.7508,overcast clouds,69.82,69.82,69.82,89,96,2.59
667,Helong,CN,128.9972,42.5397,broken clouds,72.7,72.7,72.7,93,62,1.95
668,Deputatsky,RU,139.9,69.3,overcast clouds,41.27,41.27,41.27,68,99,19.22
669,Paoua,CF,16.4406,7.2427,overcast clouds,68.74,68.74,68.74,97,99,3.78
670,Kanuma,JP,139.7333,36.55,overcast clouds,71.53,71.53,71.53,89,95,2.13
671,Kudahuvadhoo,MV,72.8944,2.6708,broken clouds,81.21,81.21,81.21,76,83,6.42
672,Kumluca,TR,30.2869,36.3703,clear sky,84.76,84.76,84.76,46,0,4.25
673,Champerico,GT,-91.9167,14.3,overcast clouds,80.46,83.35,79.75,69,96,4.74
674,Gurgaon,IN,77.0333,28.4667,mist,86.25,86.25,78.84,68,40,5.75
675,Minot,US,-101.2963,48.2325,smoke,82.42,85.19,81.81,34,90,9.22
676,Port Hawkesbury,CA,-61.3485,45.6169,overcast clouds,66.52,71.01,61.05,74,92,4.0
677,Davila,PH,120.5763,18.4726,broken clouds,81.39,81.39,81.39,80,75,4.65
678,Rundu,NA,19.7667,-17.9333,clear sky,48.63,48.63,48.63,42,1,6.89
679,Gravdal,NO,13.5031,68.1214,broken clouds,56.17,56.17,56.17,81,73,4.18
680,Sayyan,YE,44.3244,15.1718,overcast clouds,62.24,62.24,62.24,61,99,4.23
681,Orocué,CO,-71.3354,4.7912,moderate rain,76.42,76.42,76.42,91,95,6.53
682,Vágur,FO,-6.8119,61.4732,broken clouds,51.19,51.19,51.19,87,53,25.9
683,Maragogi,BR,-35.2225,-9.0122,clear sky,74.79,74.79,74.79,88,5,9.13
684,Emerald,AU,148.1667,-23.5333,few clouds,61.34,61.34,61.34,91,20,7.61
685,Nioro,GM,-15.75,13.35,broken clouds,80.83,80.83,80.83,74,65,9.69
686,Kargasok,RU,80.8572,59.0556,broken clouds,60.6,60.6,60.6,95,54,12.01
687,Makkah al Mukarramah,SA,39.8261,21.4267,scattered clouds,88.66,88.66,88.66,26,43,5.95
688,Yar-Sale,RU,70.8333,66.8333,clear sky,43.79,43.79,43.79,65,6,5.82
689,Zhicheng,CN,111.5047,30.2956,light rain,80.6,80.6,80.6,82,62,3.29
690,Maceió,BR,-35.7353,-9.6658,scattered clouds,76.44,76.44,76.44,83,40,4.61
